PRAGMA foreign_keys=OFF;
BEGIN TRANSACTION;
CREATE TABLE IF NOT EXISTS "django_migrations" ("id" integer NOT NULL PRIMARY KEY AUTOINCREMENT, "app" varchar(255) NOT NULL, "name" varchar(255) NOT NULL, "applied" datetime NOT NULL);
INSERT INTO django_migrations VALUES(1,'app','0001_initial','2024-04-25 13:49:12.088676');
INSERT INTO django_migrations VALUES(2,'contenttypes','0001_initial','2024-04-25 13:51:01.942177');
INSERT INTO django_migrations VALUES(3,'auth','0001_initial','2024-04-25 13:51:02.329786');
INSERT INTO django_migrations VALUES(4,'admin','0001_initial','2024-04-25 13:51:02.565132');
INSERT INTO django_migrations VALUES(5,'admin','0002_logentry_remove_auto_add','2024-04-25 13:51:02.712869');
INSERT INTO django_migrations VALUES(6,'admin','0003_logentry_add_action_flag_choices','2024-04-25 13:51:02.879950');
INSERT INTO django_migrations VALUES(7,'contenttypes','0002_remove_content_type_name','2024-04-25 13:51:03.191917');
INSERT INTO django_migrations VALUES(8,'auth','0002_alter_permission_name_max_length','2024-04-25 13:51:03.337717');
INSERT INTO django_migrations VALUES(9,'auth','0003_alter_user_email_max_length','2024-04-25 13:51:03.493897');
INSERT INTO django_migrations VALUES(10,'auth','0004_alter_user_username_opts','2024-04-25 13:51:03.674443');
INSERT INTO django_migrations VALUES(11,'auth','0005_alter_user_last_login_null','2024-04-25 13:51:04.065724');
INSERT INTO django_migrations VALUES(12,'auth','0006_require_contenttypes_0002','2024-04-25 13:51:04.205585');
INSERT INTO django_migrations VALUES(13,'auth','0007_alter_validators_add_error_messages','2024-04-25 13:51:04.339090');
INSERT INTO django_migrations VALUES(14,'auth','0008_alter_user_username_max_length','2024-04-25 13:51:04.482473');
INSERT INTO django_migrations VALUES(15,'auth','0009_alter_user_last_name_max_length','2024-04-25 13:51:04.638284');
INSERT INTO django_migrations VALUES(16,'auth','0010_alter_group_name_max_length','2024-04-25 13:51:04.816319');
INSERT INTO django_migrations VALUES(17,'auth','0011_update_proxy_permissions','2024-04-25 13:51:05.051359');
INSERT INTO django_migrations VALUES(18,'auth','0012_alter_user_first_name_max_length','2024-04-25 13:51:05.201014');
INSERT INTO django_migrations VALUES(19,'sessions','0001_initial','2024-04-25 13:51:05.414977');
INSERT INTO django_migrations VALUES(20,'app','0002_alter_cliente_endereco_alter_loja_endereco_and_more','2024-04-30 16:41:09.389519');
INSERT INTO django_migrations VALUES(21,'app','0003_alter_produto_data_validade','2024-04-30 17:00:14.532579');
INSERT INTO django_migrations VALUES(22,'app','0004_alter_associado_insert_alter_associado_update_and_more','2024-04-30 18:44:57.277178');
INSERT INTO django_migrations VALUES(23,'app','0005_alter_produto_codigo','2024-04-30 19:34:18.154200');
INSERT INTO django_migrations VALUES(24,'app','0006_alter_produto_codigo','2024-04-30 19:54:44.085641');
CREATE TABLE IF NOT EXISTS "app_caixa" ("id_caixa" char(32) NOT NULL PRIMARY KEY, "insert" datetime NOT NULL, "update" datetime NOT NULL, "saldo_inicial" decimal NULL, "saldo_final" decimal NULL, "loja_id" integer NOT NULL REFERENCES "app_loja" ("id_loja") DEFERRABLE INITIALLY DEFERRED);
INSERT INTO app_caixa VALUES('b68e3c7ea96741b1a513e301b2cee142','2024-05-01 03:01:06.722293','2024-05-01 03:01:07.007209',100,152,7);
CREATE TABLE IF NOT EXISTS "app_motoboy" ("id_motoboy" char(32) NOT NULL PRIMARY KEY, "nome" varchar(255) NOT NULL, "numero" varchar(20) NOT NULL, "insert" datetime NOT NULL, "update" datetime NOT NULL, "empresa_id" integer NULL REFERENCES "app_empresa" ("id_empresa") DEFERRABLE INITIALLY DEFERRED);
INSERT INTO app_motoboy VALUES('c9e9863b0ef048b596ee08c05334ae01','Motoca test','+55 (15) 1533-58413','2024-05-01 14:01:06.452386','2024-05-01 14:01:06.453343',1);
CREATE TABLE IF NOT EXISTS "app_transacao" ("id" integer NOT NULL PRIMARY KEY AUTOINCREMENT, "valor" decimal NOT NULL, "descricao" varchar(100) NOT NULL, "insert" datetime NOT NULL, "update" datetime NOT NULL, "caixa_id" char(32) NOT NULL REFERENCES "app_caixa" ("id_caixa") DEFERRABLE INITIALLY DEFERRED, "venda_id" char(32) NULL REFERENCES "app_venda" ("id_venda") DEFERRABLE INITIALLY DEFERRED);
INSERT INTO app_transacao VALUES(1,52,'Recebimento de venda','2024-05-01 03:01:06.827792','2024-05-01 03:01:06.829721','b68e3c7ea96741b1a513e301b2cee142','6987a72f38ce460c9cbf51596cdd6d88');
INSERT INTO app_transacao VALUES(2,0,'Troco de venda','2024-05-01 03:01:06.928789','2024-05-01 03:01:06.929729','b68e3c7ea96741b1a513e301b2cee142','6987a72f38ce460c9cbf51596cdd6d88');
CREATE TABLE IF NOT EXISTS "app_entrega" ("id_entrega" char(32) NOT NULL PRIMARY KEY, "valor_entrega" decimal NOT NULL, "time_pedido" time NULL, "time_finalizacao" time NULL, "insert" datetime NOT NULL, "update" datetime NOT NULL, "descricao" text NULL, "motoboy_id" char(32) NULL REFERENCES "app_motoboy" ("id_motoboy") DEFERRABLE INITIALLY DEFERRED, "venda_id" char(32) NOT NULL UNIQUE REFERENCES "app_venda" ("id_venda") DEFERRABLE INITIALLY DEFERRED);
INSERT INTO app_entrega VALUES('39249ce260f04ff09f94c3ee4f101d12',10,'03:01:06.628257',NULL,'2024-05-01 03:01:06.628786','2024-05-01 03:01:06.630179',NULL,NULL,'6987a72f38ce460c9cbf51596cdd6d88');
CREATE TABLE IF NOT EXISTS "auth_group_permissions" ("id" integer NOT NULL PRIMARY KEY AUTOINCREMENT, "group_id" integer NOT NULL REFERENCES "auth_group" ("id") DEFERRABLE INITIALLY DEFERRED, "permission_id" integer NOT NULL REFERENCES "auth_permission" ("id") DEFERRABLE INITIALLY DEFERRED);
CREATE TABLE IF NOT EXISTS "auth_user_groups" ("id" integer NOT NULL PRIMARY KEY AUTOINCREMENT, "user_id" integer NOT NULL REFERENCES "auth_user" ("id") DEFERRABLE INITIALLY DEFERRED, "group_id" integer NOT NULL REFERENCES "auth_group" ("id") DEFERRABLE INITIALLY DEFERRED);
CREATE TABLE IF NOT EXISTS "auth_user_user_permissions" ("id" integer NOT NULL PRIMARY KEY AUTOINCREMENT, "user_id" integer NOT NULL REFERENCES "auth_user" ("id") DEFERRABLE INITIALLY DEFERRED, "permission_id" integer NOT NULL REFERENCES "auth_permission" ("id") DEFERRABLE INITIALLY DEFERRED);
CREATE TABLE IF NOT EXISTS "django_admin_log" ("id" integer NOT NULL PRIMARY KEY AUTOINCREMENT, "object_id" text NULL, "object_repr" varchar(200) NOT NULL, "action_flag" smallint unsigned NOT NULL CHECK ("action_flag" >= 0), "change_message" text NOT NULL, "content_type_id" integer NULL REFERENCES "django_content_type" ("id") DEFERRABLE INITIALLY DEFERRED, "user_id" integer NOT NULL REFERENCES "auth_user" ("id") DEFERRABLE INITIALLY DEFERRED, "action_time" datetime NOT NULL);
CREATE TABLE IF NOT EXISTS "django_content_type" ("id" integer NOT NULL PRIMARY KEY AUTOINCREMENT, "app_label" varchar(100) NOT NULL, "model" varchar(100) NOT NULL);
INSERT INTO django_content_type VALUES(1,'app','empresa');
INSERT INTO django_content_type VALUES(2,'app','endereco');
INSERT INTO django_content_type VALUES(3,'app','historico');
INSERT INTO django_content_type VALUES(4,'app','cliente');
INSERT INTO django_content_type VALUES(5,'app','loja');
INSERT INTO django_content_type VALUES(6,'app','galao');
INSERT INTO django_content_type VALUES(7,'app','caixa');
INSERT INTO django_content_type VALUES(8,'app','motoboy');
INSERT INTO django_content_type VALUES(9,'app','produto');
INSERT INTO django_content_type VALUES(10,'app','itemcompra');
INSERT INTO django_content_type VALUES(11,'app','usuario');
INSERT INTO django_content_type VALUES(12,'app','sessao');
INSERT INTO django_content_type VALUES(13,'app','log');
INSERT INTO django_content_type VALUES(14,'app','configuracao');
INSERT INTO django_content_type VALUES(15,'app','associado');
INSERT INTO django_content_type VALUES(16,'app','venda');
INSERT INTO django_content_type VALUES(17,'app','transacao');
INSERT INTO django_content_type VALUES(18,'app','gestaogalao');
INSERT INTO django_content_type VALUES(19,'app','entrega');
INSERT INTO django_content_type VALUES(20,'admin','logentry');
INSERT INTO django_content_type VALUES(21,'auth','permission');
INSERT INTO django_content_type VALUES(22,'auth','group');
INSERT INTO django_content_type VALUES(23,'auth','user');
INSERT INTO django_content_type VALUES(24,'contenttypes','contenttype');
INSERT INTO django_content_type VALUES(25,'sessions','session');
CREATE TABLE IF NOT EXISTS "auth_permission" ("id" integer NOT NULL PRIMARY KEY AUTOINCREMENT, "content_type_id" integer NOT NULL REFERENCES "django_content_type" ("id") DEFERRABLE INITIALLY DEFERRED, "codename" varchar(100) NOT NULL, "name" varchar(255) NOT NULL);
INSERT INTO auth_permission VALUES(1,1,'add_empresa','Can add empresa');
INSERT INTO auth_permission VALUES(2,1,'change_empresa','Can change empresa');
INSERT INTO auth_permission VALUES(3,1,'delete_empresa','Can delete empresa');
INSERT INTO auth_permission VALUES(4,1,'view_empresa','Can view empresa');
INSERT INTO auth_permission VALUES(5,2,'add_endereco','Can add endereco');
INSERT INTO auth_permission VALUES(6,2,'change_endereco','Can change endereco');
INSERT INTO auth_permission VALUES(7,2,'delete_endereco','Can delete endereco');
INSERT INTO auth_permission VALUES(8,2,'view_endereco','Can view endereco');
INSERT INTO auth_permission VALUES(9,3,'add_historico','Can add historico');
INSERT INTO auth_permission VALUES(10,3,'change_historico','Can change historico');
INSERT INTO auth_permission VALUES(11,3,'delete_historico','Can delete historico');
INSERT INTO auth_permission VALUES(12,3,'view_historico','Can view historico');
INSERT INTO auth_permission VALUES(13,4,'add_cliente','Can add cliente');
INSERT INTO auth_permission VALUES(14,4,'change_cliente','Can change cliente');
INSERT INTO auth_permission VALUES(15,4,'delete_cliente','Can delete cliente');
INSERT INTO auth_permission VALUES(16,4,'view_cliente','Can view cliente');
INSERT INTO auth_permission VALUES(17,5,'add_loja','Can add loja');
INSERT INTO auth_permission VALUES(18,5,'change_loja','Can change loja');
INSERT INTO auth_permission VALUES(19,5,'delete_loja','Can delete loja');
INSERT INTO auth_permission VALUES(20,5,'view_loja','Can view loja');
INSERT INTO auth_permission VALUES(21,6,'add_galao','Can add galao');
INSERT INTO auth_permission VALUES(22,6,'change_galao','Can change galao');
INSERT INTO auth_permission VALUES(23,6,'delete_galao','Can delete galao');
INSERT INTO auth_permission VALUES(24,6,'view_galao','Can view galao');
INSERT INTO auth_permission VALUES(25,7,'add_caixa','Can add caixa');
INSERT INTO auth_permission VALUES(26,7,'change_caixa','Can change caixa');
INSERT INTO auth_permission VALUES(27,7,'delete_caixa','Can delete caixa');
INSERT INTO auth_permission VALUES(28,7,'view_caixa','Can view caixa');
INSERT INTO auth_permission VALUES(29,8,'add_motoboy','Can add motoboy');
INSERT INTO auth_permission VALUES(30,8,'change_motoboy','Can change motoboy');
INSERT INTO auth_permission VALUES(31,8,'delete_motoboy','Can delete motoboy');
INSERT INTO auth_permission VALUES(32,8,'view_motoboy','Can view motoboy');
INSERT INTO auth_permission VALUES(33,9,'add_produto','Can add produto');
INSERT INTO auth_permission VALUES(34,9,'change_produto','Can change produto');
INSERT INTO auth_permission VALUES(35,9,'delete_produto','Can delete produto');
INSERT INTO auth_permission VALUES(36,9,'view_produto','Can view produto');
INSERT INTO auth_permission VALUES(37,10,'add_itemcompra','Can add item compra');
INSERT INTO auth_permission VALUES(38,10,'change_itemcompra','Can change item compra');
INSERT INTO auth_permission VALUES(39,10,'delete_itemcompra','Can delete item compra');
INSERT INTO auth_permission VALUES(40,10,'view_itemcompra','Can view item compra');
INSERT INTO auth_permission VALUES(41,11,'add_usuario','Can add usuario');
INSERT INTO auth_permission VALUES(42,11,'change_usuario','Can change usuario');
INSERT INTO auth_permission VALUES(43,11,'delete_usuario','Can delete usuario');
INSERT INTO auth_permission VALUES(44,11,'view_usuario','Can view usuario');
INSERT INTO auth_permission VALUES(45,12,'add_sessao','Can add sessao');
INSERT INTO auth_permission VALUES(46,12,'change_sessao','Can change sessao');
INSERT INTO auth_permission VALUES(47,12,'delete_sessao','Can delete sessao');
INSERT INTO auth_permission VALUES(48,12,'view_sessao','Can view sessao');
INSERT INTO auth_permission VALUES(49,13,'add_log','Can add log');
INSERT INTO auth_permission VALUES(50,13,'change_log','Can change log');
INSERT INTO auth_permission VALUES(51,13,'delete_log','Can delete log');
INSERT INTO auth_permission VALUES(52,13,'view_log','Can view log');
INSERT INTO auth_permission VALUES(53,14,'add_configuracao','Can add configuracao');
INSERT INTO auth_permission VALUES(54,14,'change_configuracao','Can change configuracao');
INSERT INTO auth_permission VALUES(55,14,'delete_configuracao','Can delete configuracao');
INSERT INTO auth_permission VALUES(56,14,'view_configuracao','Can view configuracao');
INSERT INTO auth_permission VALUES(57,15,'add_associado','Can add associado');
INSERT INTO auth_permission VALUES(58,15,'change_associado','Can change associado');
INSERT INTO auth_permission VALUES(59,15,'delete_associado','Can delete associado');
INSERT INTO auth_permission VALUES(60,15,'view_associado','Can view associado');
INSERT INTO auth_permission VALUES(61,16,'add_venda','Can add venda');
INSERT INTO auth_permission VALUES(62,16,'change_venda','Can change venda');
INSERT INTO auth_permission VALUES(63,16,'delete_venda','Can delete venda');
INSERT INTO auth_permission VALUES(64,16,'view_venda','Can view venda');
INSERT INTO auth_permission VALUES(65,17,'add_transacao','Can add transacao');
INSERT INTO auth_permission VALUES(66,17,'change_transacao','Can change transacao');
INSERT INTO auth_permission VALUES(67,17,'delete_transacao','Can delete transacao');
INSERT INTO auth_permission VALUES(68,17,'view_transacao','Can view transacao');
INSERT INTO auth_permission VALUES(69,18,'add_gestaogalao','Can add gestao galao');
INSERT INTO auth_permission VALUES(70,18,'change_gestaogalao','Can change gestao galao');
INSERT INTO auth_permission VALUES(71,18,'delete_gestaogalao','Can delete gestao galao');
INSERT INTO auth_permission VALUES(72,18,'view_gestaogalao','Can view gestao galao');
INSERT INTO auth_permission VALUES(73,19,'add_entrega','Can add entrega');
INSERT INTO auth_permission VALUES(74,19,'change_entrega','Can change entrega');
INSERT INTO auth_permission VALUES(75,19,'delete_entrega','Can delete entrega');
INSERT INTO auth_permission VALUES(76,19,'view_entrega','Can view entrega');
INSERT INTO auth_permission VALUES(77,20,'add_logentry','Can add log entry');
INSERT INTO auth_permission VALUES(78,20,'change_logentry','Can change log entry');
INSERT INTO auth_permission VALUES(79,20,'delete_logentry','Can delete log entry');
INSERT INTO auth_permission VALUES(80,20,'view_logentry','Can view log entry');
INSERT INTO auth_permission VALUES(81,21,'add_permission','Can add permission');
INSERT INTO auth_permission VALUES(82,21,'change_permission','Can change permission');
INSERT INTO auth_permission VALUES(83,21,'delete_permission','Can delete permission');
INSERT INTO auth_permission VALUES(84,21,'view_permission','Can view permission');
INSERT INTO auth_permission VALUES(85,22,'add_group','Can add group');
INSERT INTO auth_permission VALUES(86,22,'change_group','Can change group');
INSERT INTO auth_permission VALUES(87,22,'delete_group','Can delete group');
INSERT INTO auth_permission VALUES(88,22,'view_group','Can view group');
INSERT INTO auth_permission VALUES(89,23,'add_user','Can add user');
INSERT INTO auth_permission VALUES(90,23,'change_user','Can change user');
INSERT INTO auth_permission VALUES(91,23,'delete_user','Can delete user');
INSERT INTO auth_permission VALUES(92,23,'view_user','Can view user');
INSERT INTO auth_permission VALUES(93,24,'add_contenttype','Can add content type');
INSERT INTO auth_permission VALUES(94,24,'change_contenttype','Can change content type');
INSERT INTO auth_permission VALUES(95,24,'delete_contenttype','Can delete content type');
INSERT INTO auth_permission VALUES(96,24,'view_contenttype','Can view content type');
INSERT INTO auth_permission VALUES(97,25,'add_session','Can add session');
INSERT INTO auth_permission VALUES(98,25,'change_session','Can change session');
INSERT INTO auth_permission VALUES(99,25,'delete_session','Can delete session');
INSERT INTO auth_permission VALUES(100,25,'view_session','Can view session');
CREATE TABLE IF NOT EXISTS "auth_group" ("id" integer NOT NULL PRIMARY KEY AUTOINCREMENT, "name" varchar(150) NOT NULL UNIQUE);
CREATE TABLE IF NOT EXISTS "auth_user" ("id" integer NOT NULL PRIMARY KEY AUTOINCREMENT, "password" varchar(128) NOT NULL, "last_login" datetime NULL, "is_superuser" bool NOT NULL, "username" varchar(150) NOT NULL UNIQUE, "last_name" varchar(150) NOT NULL, "email" varchar(254) NOT NULL, "is_staff" bool NOT NULL, "is_active" bool NOT NULL, "date_joined" datetime NOT NULL, "first_name" varchar(150) NOT NULL);
CREATE TABLE IF NOT EXISTS "django_session" ("session_key" varchar(40) NOT NULL PRIMARY KEY, "session_data" text NOT NULL, "expire_date" datetime NOT NULL);
INSERT INTO django_session VALUES('xafdh1d3c85z6dc6y6nsaygd6ge9vwpx','.eJxVj81Lw0AQxf-VZU8thCTbj1TiSXpQaHtS0NsyTUYdOtld9yMExf_dJSgqc3oz_N578yHJ6Y4JTUTZSrXalXUeJQtpYMQX6K3_cz_Zd2KGalvWYvGk1LU4kkmTmK4a3WyW4sY5xkc8HyhW2_WuXDdicbh7OB0LwXRBcYvdxS7F_tXbASu12sxptbiHZ_D0jeRs6nUKKa-sbFWWYf9TIfqEhYxZQKQRgiYzAlMPQbb1DOLgPAaYQUMj8j-rkLkUNHQYgv21G5zVZ7ZvCclqnBz5_LlsTWL-_AIYil_n:1s02tr:QJPY8h1pUdt58-5SGVzzl76g4eKSVxgBuU6pwnJ1wQw','2024-04-26 01:28:47.196934');
INSERT INTO django_session VALUES('4zajg3c6qo3w6ua409cnzvufroepd0jb','.eJxNj09Lw0AQxb_KsKcWQrJpTSvpKfag0KYHFTwum-xUh06zcf-EovjdXUVR5jbvvZnfexc0qp4Jh4CiFuVincs0pcjEoCd81sa6f3pr34hZF1UuYbanIV420AzGWTKwyuUGDniJHiq4icSmaO-b6vowh2YcGZ-w21EoquU6X65gtrt7bPcZMJ0QbrE_2TlsX5w9Y1Eurr4hJLS2I0Z40Eft6CeZyMhvf4mOmj0mVpqQVfQx-ayoy0z4oEP0SvfofdoEF5MtpJAONGmvaJg0k9Fe1PJLOI9WdWxfI5JVeBnJpeqiHiJzemj-bsuPT4euZT4:1s05Oy:gMYBO5-Zvw_TiKw8Q9DiXjjgHNv15HO2CP-7ExkKK08','2024-04-26 04:09:04.516235');
INSERT INTO django_session VALUES('ge904kz2end9683bflzxo7ht7mulwtdu','.eJxVkMFOAjEQhl-l6QkSsmxhAV0vGA6aACdM9NYMuyNMaDvrtt1sNL67BcVo5tT5Zub_0g9Jja4MoQsoS6kmiyxPpeRIOujwADW3f_iW38kYGM-yXAxelLoTG3KxF_3NXM-LobhvGoPPuF9TGM-mi2w6F4P149N2MxKGTigesDrxUKyOLVscq0lxScvFDl6hpZ-VlE21jj6mFstSpadfXRVCG3Ek0QIZ7ZNhnaws1kgt-7wo1PJwRlnFNp3x6I7wO7Zb2vOEuk2kOiaTPffa8IFcguy-Y9E2LXq4xDrq0PwT8QFC9Boq9J6vMiGZQaAOvCbXgaEavCzzM7AN673ht4jEGvuG2vShsnTRmM8vAUB8Uw:1s0RCB:AVEfcBC0-SfGjgJ9OnCJ1CSVSv74UOv0avGSWkKf26M','2024-04-27 03:25:19.220680');
INSERT INTO django_session VALUES('6c29ryqrqafkjyy3urskl82qinwhtokf','.eJxVkMFuwjAMhl8lygkkVBoosHUXJg6bBJyYtN0i03pgkcRdk1TVpr37AhoTk0_259-_7S9Jja4MoQsoS6kmiyxPoeRIOujwADW3N3zLn2QMjGdZLgZvSj2IDbnYi_5urufFUDw2jcFX3K8pjGfTRTadi8H6-WW7GQlDJxRPWJ14KFbHli2O1aS4uOViB-_Q0q8keVOto4-pxLJUKfWr6wqhjXjhaJsWPVy4ow7NP4UPEKLXUKH3fFWFNAICdeA1uQ4M1eBlmZ-BbVjvDX9EJNbYN9Smy2XpojEjiRbIaJ_-UacfWKyRWvZ5Uajl4Yyyim1a2qM7wl_bbmnPHeo-keqY7t5zrw0fyCXITn7_AIxdfFM:1s0lep:q-MGQwfu5UKlR7xsAFGUteuizOuU26d1gxhp2qr2JKw','2024-04-28 01:16:15.916301');
INSERT INTO django_session VALUES('q455gog7uq0bj1ipudub78gk9jv4eh2g','.eJxVkE1PwzAMhv9KlNMmTV3TfUG5DO0A0rbTkOAWea3ZrCVxSdKqAvHfyYBNoJycx_b7yB-SGl0ZQhdRllIViyxPT8mRdNDhAWr2f_iW38kYGM-yXAxelLoTG3JtL_qbuZ5Ph-K-aQw-435NcTybLLLJXAzWj0_bzUgYOqF4wOrEQ7E6erY4VsXkOy0XO3gFT78jKZtq3YY2fbEsi1SG1UUh-hZHEi2Q0SEZ1snKYo3kOeTTabE8nFFWsU1rArojXNt2S5s6lLpNpDomkz332vCBXILsfmLRNh4DyFKlC1CH5p9IiBDboKHCEPgiE5MZROogaHIdGKohyDI_A9uw3ht-a5FYY9-QTweVpWuN-fwCAhZ8VQ:1s0rED:5cOcphX0eXRtosvuygCZgDy6duQrDzh68oDcxYFbNxY','2024-04-28 07:13:09.146596');
INSERT INTO django_session VALUES('as39eivb4tzurcbcj4gl1z6zi8qkeem5','.eJxVkMtqwzAQRX9FaJWA8bNxgrsqWbSQZNVCuxNjexoPkSVVD2Na-u9VH4aGWc29zJw788HJiE4SKo-84UW5TfNYBU-4ggnP0Gv7zz_pd5ISsk2as9VLUdyyI6kws3lXi_pmze6MkfiM7YF8tqm2aVWz1eHh6XRMmKQLsnvsLnrN9oPVI2ZFWf3QcvYIr2DpbySyqRfBhShp3pSxdfslgrcBE44jkBQuJux5o4KUCXeoBriWuiHiWj0Lqc-kFjXuxtFYdMCbIp5JE8ormvPggxPQoXN6IfqIB08TOEFqAkk9ON7k38ZotGilfgtIWuBsyMav_dI-vwD5G3XR:1s1FPO:j03_TV9Nd9v4DBvf4A9mmrz9XFgTMqR1SUpEmLBfvsU','2024-04-29 09:02:18.709694');
INSERT INTO django_session VALUES('k0q0pzvtun3tod1s3yhum6xn866j09gx','.eJxVkE1rwzAMhv-K8amFkMRpm47sNHrYoO1pg-1mlERrRB3b80cIG_vv8z4KKzrpfZGeV_rgZGWnCHVA3nBRbfMyleAZ1zDhCXrj_vlH805KQbHJS7Z4EeKWHUjHmc03tazXS3ZnrcJnbPcUis1qm69qttg_PB0PGVN0RnaP3dks2W5wZsRCVOsfWske4RUc_Y0kNvUy-pgkw5sqtX53iRBcxIzjCKSkTwl73uioVMY96gGupW5IuNbMUpkT6YuaduNoHXrgjUhn0oTqiuYDhOgldOi9uRBDwkOgCbwkPYGiHjxvym9jtEa2yrxFJCNxtuTS135pn1_5_HXS:1s1UgR:4F1MNW12jNy1nch9N2Jk9v5vYUVrVadUVLcXRfucReY','2024-04-30 01:20:55.962165');
INSERT INTO django_session VALUES('sja2fz3ig5lk8cdzv8epy0v6vmrichrx','.eJxVkE1rwzAMhv-K8amFkMRpm47sNHrYoO1pg-1mlERrRB3b80cIG_vv8z4KKzrpfZGeV_rgZGWnCHVA3nBRbfMyleAZ1zDhCXrj_vlH805KQbHJS7Z4EeKWHUjHmc03tazXS3ZnrcJnbPcUis1qm69qttg_PB0PGVN0RnaP3dks2W5wZsRCVOsfWske4RUc_Y0kNvUy-pgkw5sqtX53iRBcxIzjCKSkTwl73uioVMY96gGupW5IuNbMUpkT6YuaduNoHXrgjUhn0oTqiuYDhOgldOi9uRBDwkOgCbwkPYGiHjxvym9jtEa2yrxFJCNxtuTS135pn1_5_HXS:1s1uQp:eRWSHFMYmWJKCmSEI-ug_Gccjz0r3zP9EkaykHvmbms','2024-05-01 04:50:31.653554');
INSERT INTO django_session VALUES('8r9xidb8sq7cxfty61rq4il3qbufkuby','.eJxVkE1PwzAMhv9KlNMmTV3TfUG5DO0A0rbTkOAWea3ZrCVxSdKqAvHfyYBNoJycx_b7yB-SGl0ZQhdRllIViyxPT8mRdNDhAWr2f_iW38kYGM-yXAxelLoTG3JtL_qbuZ5Ph-K-aQw-435NcTybLLLJXAzWj0_bzUgYOqF4wOrEQ7E6erY4VsXkOy0XO3gFT78jKZtq3YY2fbEsi1SG1UUh-hZHEi2Q0SEZ1snKYo3kOeTTabE8nFFWsU1rArojXNt2S5s6lLpNpDomkz332vCBXILsfmLRNh4DyFKlC1CH5p9IiBDboKHCEPgiE5MZROogaHIdGKohyDI_A9uw3ht-a5FYY9-QTweVpWuN-fwCAhZ8VQ:1s20Dx:UY3Mol6RkIrplctctqR6hlcTJkqUk2F0MdJiuV81fUo','2024-05-01 11:01:37.785163');
INSERT INTO django_session VALUES('8vfvnzka11dpa5ux8x2zx9vl3g2y8kpc','.eJxVkMtqwzAQRX9FaJWA8bNxgrsqWbSQZNVCuxNjexoPkSVVD2Na-u9VH4aGWc29zJw788HJiE4SKo-84UW5TfNYBU-4ggnP0Gv7zz_pd5ISsk2as9VLUdyyI6kws3lXi_pmze6MkfiM7YF8tqm2aVWz1eHh6XRMmKQLsnvsLnrN9oPVI2ZFWf3QcvYIr2DpbySyqRfBhShp3pSxdfslgrcBE44jkBQuJux5o4KUCXeoBriWuiHiWj0Lqc-kFjXuxtFYdMCbIp5JE8ormvPggxPQoXN6IfqIB08TOEFqAkk9ON7k38ZotGilfgtIWuBsyMav_dI-vwD5G3XR:1s2AWj:NIF_gB9SPCiAKXfbF3KQZOaedK_iOe7TWuOTfcJCBdU','2024-05-01 22:01:41.252906');
CREATE TABLE IF NOT EXISTS "app_associado" ("id_associado" char(32) NOT NULL PRIMARY KEY, "insert" datetime NOT NULL, "status_acesso" bool NULL, "loja_id" integer NULL REFERENCES "app_loja" ("id_loja") DEFERRABLE INITIALLY DEFERRED, "usuario_id" integer NULL REFERENCES "app_usuario" ("id_usuario") DEFERRABLE INITIALLY DEFERRED, "update" datetime NOT NULL);
INSERT INTO app_associado VALUES('eaf122cf512146d5957de2057cfa24eb','2024-04-27 12:48:56.327824',NULL,7,1,'2024-04-27 12:48:56.327875');
INSERT INTO app_associado VALUES('28510576ad71457dac306e1495a7e5ad','2024-04-27 13:27:06.543418',1,7,2,'2024-04-27 15:43:01.906685');
INSERT INTO app_associado VALUES('d1c10e4c58d644f0b42c2b6d48dea8a7','2024-04-27 16:04:21.229373',1,7,5,'2024-04-27 16:04:21.229421');
INSERT INTO app_associado VALUES('a94152fa5bf842e895a07dc8f268d5f0','2024-05-01 01:14:43.002656',1,11,2,'2024-05-01 01:14:43.005243');
INSERT INTO app_associado VALUES('2163da73c1e54cfcbe1f0dfc1c530e6d','2024-05-01 01:14:43.002860',1,11,1,'2024-05-01 01:14:43.005879');
CREATE TABLE IF NOT EXISTS "app_cliente" ("id_cliente" char(32) NOT NULL PRIMARY KEY, "nome_cliente" varchar(255) NOT NULL, "telefone_cliente" varchar(20) NULL, "ultima_compra" date NULL, "insert" datetime NOT NULL, "tipo_cliente" varchar(50) NULL, "descricao_cliente" varchar(300) NULL, "empresa_id" integer NULL REFERENCES "app_empresa" ("id_empresa") DEFERRABLE INITIALLY DEFERRED, "endereco_id" integer NULL REFERENCES "app_endereco" ("id_endereco") DEFERRABLE INITIALLY DEFERRED, "update" datetime NOT NULL);
INSERT INTO app_cliente VALUES('8837f005212d4c6398267ddf3a93c4b1','Eco lavare','+55 (11) 9714-86656',NULL,'2024-05-01 13:50:54.257993','corporativo','Test cliente descr',1,12,'2024-05-01 13:50:54.259617');
INSERT INTO app_cliente VALUES('0653fb1d2918453ca1fb5dd89039589b','Eco lavare','+55 (11) 9714-86656',NULL,'2024-05-01 13:52:22.255165','corporativo','Test cliente descr',1,13,'2024-05-01 13:52:22.257148');
CREATE TABLE IF NOT EXISTS "app_configuracao" ("id_configuracao" char(32) NOT NULL PRIMARY KEY, "codigo" integer NULL, "titulo" text NULL, "descricao" text NULL, "descricao_interna" text NULL, "insert" datetime NOT NULL, "status_acesso" bool NOT NULL, "usuario_id" integer NULL REFERENCES "app_usuario" ("id_usuario") DEFERRABLE INITIALLY DEFERRED, "update" datetime NOT NULL);
INSERT INTO app_configuracao VALUES('2d1856a472644098837409f50d450c5f',1,'Gerenciamento de Usuario','Permitir acesso ao Painel de Usuario, isso inclui criar, editar, remover, entre outros.','Controle de usuario, editar, alterar, criar...','2024-04-25 16:40:44.964563',1,1,'2024-04-25 16:40:44.964600');
INSERT INTO app_configuracao VALUES('54b98f9e96bc4b21ad35f5bf67c89835',2,'Gerenciamento de Empresa','Permitir acesso ao Painel de Empresa, isso inclui criar, editar, remover, entre outros.','Controle de empresa, editar, alterar, criar...','2024-04-25 16:40:45.140704',1,1,'2024-04-25 16:40:45.140741');
INSERT INTO app_configuracao VALUES('708e2f10005f4fa699350c19b57b9161',3,'Gerenciamento de Endereco','Permitir acesso ao Painel de Endereco, isso inclui criar, editar, remover, entre outros.','Controle de endereco, editar, alterar, criar...','2024-04-25 16:40:45.261158',1,1,'2024-04-25 16:40:45.261194');
INSERT INTO app_configuracao VALUES('7cfb0a6dab754b09b75b4ea7e1ccca8f',4,'Gerenciamento de Galao','Permitir acesso ao Painel de Galao, isso inclui criar, editar, remover, entre outros.','Controle de galao, editar, alterar, criar...','2024-04-25 16:40:45.363435',1,1,'2024-04-25 16:40:45.363473');
INSERT INTO app_configuracao VALUES('f27b48f9ce5648a48df87b6d1329fec3',5,'Gerenciamento de Loja','Permitir acesso ao Painel de Loja, isso inclui criar, editar, remover, entre outros.','Controle de loja, editar, alterar, criar...','2024-04-25 16:40:45.501069',1,1,'2024-04-25 16:40:45.501106');
INSERT INTO app_configuracao VALUES('8d4adfcbf68647b4a1a85bc3e5bde157',6,'Gerenciamento de Produto','Permitir acesso ao Painel de Produto, isso inclui criar, editar, remover, entre outros.','Controle de produto, editar, alterar, criar...','2024-04-25 16:40:45.615410',1,1,'2024-04-25 16:40:45.615446');
INSERT INTO app_configuracao VALUES('c426d00934214c71b63cb35865bc537c',7,'Gerenciamento de Venda','Permitir acesso ao Painel de Venda, isso inclui criar, editar, remover, entre outros.','Controle de venda, editar, alterar, criar...','2024-04-25 16:40:45.739170',1,1,'2024-04-25 16:40:45.739207');
INSERT INTO app_configuracao VALUES('8a12ce330fb54066a8b74dd93e52fdfa',8,'Gerenciamento de Cliente','Permitir acesso ao Painel de Cliente, isso inclui criar, editar, remover, entre outros.','Controle de cliente, editar, alterar, criar...','2024-04-25 16:40:45.982254',1,1,'2024-04-25 16:40:45.982291');
INSERT INTO app_configuracao VALUES('94ccaa35e23b4759af7f9d4923581b31',9,'Gerenciamento de Motoboy','Permitir acesso ao Painel de Motoboy, isso inclui criar, editar, remover, entre outros.','Controle de motoboy, editar, alterar, criar...','2024-04-25 16:40:46.350987',1,1,'2024-04-25 16:40:46.351025');
INSERT INTO app_configuracao VALUES('f46242a696c64739830f94fd4c5eb486',10,'Gerenciamento de Caixa','Permitir acesso ao Painel de Caixa, isso inclui criar, editar, remover, entre outros.','Controle de caixa, editar, alterar, criar...','2024-04-25 16:40:46.606778',1,1,'2024-04-25 16:40:46.606814');
INSERT INTO app_configuracao VALUES('c9df092864444417b1209a48284aace6',11,'Gerenciamento de Transacao','Permitir acesso ao Painel de Transacao, isso inclui criar, editar, remover, entre outros.','Controle de transacao, editar, alterar, criar...','2024-04-25 16:40:46.733430',1,1,'2024-04-25 16:40:46.733465');
INSERT INTO app_configuracao VALUES('d24ba480eca5459bbaa4b202515ee5e8',12,'Gerenciamento de Faturamento','Permitir acesso ao Painel de Faturamento, isso inclui criar, editar, remover, entre outros.','Controle de faturamento, editar, alterar, criar...','2024-04-25 16:40:46.885577',1,1,'2024-04-25 16:40:46.885613');
INSERT INTO app_configuracao VALUES('67d25e0beb0b439e9273afefcf2be6bb',1,'Gerenciamento de Usuario','Permitir acesso ao Painel de Usuario, isso inclui criar, editar, remover, entre outros.','Controle de usuario, editar, alterar, criar...','2024-04-27 14:01:57.098740',1,2,'2024-04-27 14:03:02.810321');
INSERT INTO app_configuracao VALUES('026b2a76fc6642179238fa2ca9baf2bb',2,'Gerenciamento de Empresa','Permitir acesso ao Painel de Empresa, isso inclui criar, editar, remover, entre outros.','Controle de empresa, editar, alterar, criar...','2024-04-27 14:01:57.256257',1,2,'2024-04-27 14:03:02.936099');
INSERT INTO app_configuracao VALUES('2774aedad6b346ccba40fb110aec3d24',3,'Gerenciamento de Endereco','Permitir acesso ao Painel de Endereco, isso inclui criar, editar, remover, entre outros.','Controle de endereco, editar, alterar, criar...','2024-04-27 14:01:57.429686',1,2,'2024-04-27 14:03:03.053681');
INSERT INTO app_configuracao VALUES('1b99f804fe124938ae85b12aaf35afe2',4,'Gerenciamento de Galao','Permitir acesso ao Painel de Galao, isso inclui criar, editar, remover, entre outros.','Controle de galao, editar, alterar, criar...','2024-04-27 14:01:57.576045',1,2,'2024-04-27 14:03:03.254036');
INSERT INTO app_configuracao VALUES('876f7731e2914e11a6c951b86edca3cf',5,'Gerenciamento de Loja','Permitir acesso ao Painel de Loja, isso inclui criar, editar, remover, entre outros.','Controle de loja, editar, alterar, criar...','2024-04-27 14:01:57.817993',1,2,'2024-04-27 14:03:03.422674');
INSERT INTO app_configuracao VALUES('ad8fc7f05a894eb7aa9051c49dd344ad',6,'Gerenciamento de Produto','Permitir acesso ao Painel de Produto, isso inclui criar, editar, remover, entre outros.','Controle de produto, editar, alterar, criar...','2024-04-27 14:01:57.945987',1,2,'2024-04-27 14:03:03.604281');
INSERT INTO app_configuracao VALUES('186dfa559f7e44f382b22c20dbbde270',7,'Gerenciamento de Venda','Permitir acesso ao Painel de Venda, isso inclui criar, editar, remover, entre outros.','Controle de venda, editar, alterar, criar...','2024-04-27 14:01:58.149563',1,2,'2024-04-27 14:03:03.713169');
INSERT INTO app_configuracao VALUES('33834b8841af482d966bb3f8028853f0',8,'Gerenciamento de Cliente','Permitir acesso ao Painel de Cliente, isso inclui criar, editar, remover, entre outros.','Controle de cliente, editar, alterar, criar...','2024-04-27 14:01:58.278286',1,2,'2024-04-27 14:03:03.848286');
INSERT INTO app_configuracao VALUES('50979b41a26e4e9eb6dca7c4d3c56080',9,'Gerenciamento de Motoboy','Permitir acesso ao Painel de Motoboy, isso inclui criar, editar, remover, entre outros.','Controle de motoboy, editar, alterar, criar...','2024-04-27 14:01:58.416736',1,2,'2024-04-27 14:03:03.970227');
INSERT INTO app_configuracao VALUES('7e3b849309e248bdaaeb51fca3c44e80',10,'Gerenciamento de Caixa','Permitir acesso ao Painel de Caixa, isso inclui criar, editar, remover, entre outros.','Controle de caixa, editar, alterar, criar...','2024-04-27 14:01:58.563092',1,2,'2024-04-27 14:03:04.090203');
INSERT INTO app_configuracao VALUES('c801e2d7f3de43a6bdb8b831693bfe71',11,'Gerenciamento de Transacao','Permitir acesso ao Painel de Transacao, isso inclui criar, editar, remover, entre outros.','Controle de transacao, editar, alterar, criar...','2024-04-27 14:01:58.704466',1,2,'2024-04-27 14:03:04.222895');
INSERT INTO app_configuracao VALUES('8547b7be37c941c1a79156bd81cfdd38',12,'Gerenciamento de Faturamento','Permitir acesso ao Painel de Faturamento, isso inclui criar, editar, remover, entre outros.','Controle de faturamento, editar, alterar, criar...','2024-04-27 14:01:58.834281',1,2,'2024-04-27 14:03:04.346501');
INSERT INTO app_configuracao VALUES('ee60eb95b73d4eeaaf8fcad42a01d334',1,'Gerenciamento de Usuario','Permitir acesso ao Painel de Usuario, isso inclui criar, editar, remover, entre outros.','Controle de usuario, editar, alterar, criar...','2024-04-27 16:04:24.857709',0,5,'2024-04-27 16:04:24.857744');
INSERT INTO app_configuracao VALUES('5f5f80dcaaac42feaa497ead3bcaf36a',2,'Gerenciamento de Empresa','Permitir acesso ao Painel de Empresa, isso inclui criar, editar, remover, entre outros.','Controle de empresa, editar, alterar, criar...','2024-04-27 16:04:24.997337',0,5,'2024-04-27 16:04:24.997374');
INSERT INTO app_configuracao VALUES('0cfc079bf78d446c81e1a82cc2615cd4',3,'Gerenciamento de Endereco','Permitir acesso ao Painel de Endereco, isso inclui criar, editar, remover, entre outros.','Controle de endereco, editar, alterar, criar...','2024-04-27 16:04:25.199151',0,5,'2024-04-27 16:04:25.200672');
INSERT INTO app_configuracao VALUES('f0548a763acd47d8bf30816c049a0b5e',4,'Gerenciamento de Galao','Permitir acesso ao Painel de Galao, isso inclui criar, editar, remover, entre outros.','Controle de galao, editar, alterar, criar...','2024-04-27 16:04:25.598305',0,5,'2024-04-27 16:04:25.598341');
INSERT INTO app_configuracao VALUES('4a47c00757d0418abc4f8e8b992af046',5,'Gerenciamento de Loja','Permitir acesso ao Painel de Loja, isso inclui criar, editar, remover, entre outros.','Controle de loja, editar, alterar, criar...','2024-04-27 16:04:25.898620',0,5,'2024-04-27 16:04:25.898657');
INSERT INTO app_configuracao VALUES('6dfe562055bd41288b1eae7752561826',6,'Gerenciamento de Produto','Permitir acesso ao Painel de Produto, isso inclui criar, editar, remover, entre outros.','Controle de produto, editar, alterar, criar...','2024-04-27 16:04:26.113687',0,5,'2024-04-27 16:04:26.113723');
INSERT INTO app_configuracao VALUES('bbd8991212ac47c6a9bf178efd22aa17',7,'Gerenciamento de Venda','Permitir acesso ao Painel de Venda, isso inclui criar, editar, remover, entre outros.','Controle de venda, editar, alterar, criar...','2024-04-27 16:04:26.314211',0,5,'2024-04-27 16:04:26.314247');
INSERT INTO app_configuracao VALUES('6cb6318ba53244bea2b140adede975df',8,'Gerenciamento de Cliente','Permitir acesso ao Painel de Cliente, isso inclui criar, editar, remover, entre outros.','Controle de cliente, editar, alterar, criar...','2024-04-27 16:04:26.650093',0,5,'2024-04-27 16:04:26.650131');
INSERT INTO app_configuracao VALUES('454da0cbbe794463be99de995e4c898e',9,'Gerenciamento de Motoboy','Permitir acesso ao Painel de Motoboy, isso inclui criar, editar, remover, entre outros.','Controle de motoboy, editar, alterar, criar...','2024-04-27 16:04:27.058060',0,5,'2024-04-27 16:04:27.058095');
INSERT INTO app_configuracao VALUES('d9c1f6027c73469c9f2eb01f0ef424a3',10,'Gerenciamento de Caixa','Permitir acesso ao Painel de Caixa, isso inclui criar, editar, remover, entre outros.','Controle de caixa, editar, alterar, criar...','2024-04-27 16:04:27.292706',0,5,'2024-04-27 16:04:27.292743');
INSERT INTO app_configuracao VALUES('23fc6fae406a4cb8ac43e7247b90b976',11,'Gerenciamento de Transacao','Permitir acesso ao Painel de Transacao, isso inclui criar, editar, remover, entre outros.','Controle de transacao, editar, alterar, criar...','2024-04-27 16:04:27.436438',0,5,'2024-04-27 16:04:27.436475');
INSERT INTO app_configuracao VALUES('20e6397dbbe24d53bb08bd0e17090c37',12,'Gerenciamento de Faturamento','Permitir acesso ao Painel de Faturamento, isso inclui criar, editar, remover, entre outros.','Controle de faturamento, editar, alterar, criar...','2024-04-27 16:04:27.578687',0,5,'2024-04-27 16:04:27.578723');
CREATE TABLE IF NOT EXISTS "app_empresa" ("id" char(32) NOT NULL, "id_empresa" integer NOT NULL PRIMARY KEY AUTOINCREMENT, "nome_empresa" text NOT NULL, "nro_cnpj" text NOT NULL, "razao_social" text NULL, "descricao" text NULL, "nome_responsavel" text NOT NULL, "cargo" text NOT NULL, "email" varchar(254) NOT NULL, "nro_cpf" text NOT NULL, "telefone" text NOT NULL, "insert" datetime NOT NULL, "update" datetime NOT NULL);
INSERT INTO app_empresa VALUES('cec2272539c44640bf6085425cbd7848',1,'Samuel medeiros','12.727.617/0001-39','samuel medeiros',NULL,'samuel medeiros ','Desenvolvedor','medeiros0441@gmail.com','493.287.378-69','+55 (11) 9714-86656','2024-04-25 16:40:40.978881','2024-04-30 18:44:54.195563');
CREATE TABLE IF NOT EXISTS "app_endereco" ("id_endereco" integer NOT NULL PRIMARY KEY AUTOINCREMENT, "id" char(32) NOT NULL, "rua" varchar(255) NOT NULL, "numero" varchar(10) NULL, "bairro" varchar(100) NULL, "cidade" varchar(100) NULL, "estado" varchar(50) NULL, "codigo_postal" varchar(30) NULL, "descricao" text NULL, "insert" datetime NOT NULL, "update" datetime NOT NULL);
INSERT INTO app_endereco VALUES(7,'54fa0854ad9e49838bb03e6088b66f9f','Rua Gil','21','Jardim Matarazzo','São Paulo','SP','03813-230','','2024-04-27 12:48:55.861966','2024-04-30 18:44:54.315610');
INSERT INTO app_endereco VALUES(8,'73d248bfa29d4314899f16e5282e9fdb','Rua Gil','12','Jardim Matarazzo','São Paulo','SP','03813-230','','2024-05-01 01:06:38.519968','2024-05-01 01:06:38.558390');
INSERT INTO app_endereco VALUES(9,'b610dfb7bccd4ad4a74778d290866f4e','Rua Gil','12','Jardim Matarazzo','São Paulo','SP','03813-230','','2024-05-01 01:09:56.746708','2024-05-01 01:09:58.614644');
INSERT INTO app_endereco VALUES(10,'2220a81417ba477e96faf915054e4706','Rua Gil','12','Jardim Matarazzo','São Paulo','SP','03813-230','','2024-05-01 01:12:18.291133','2024-05-01 01:12:19.198289');
INSERT INTO app_endereco VALUES(11,'2e80b086f20c4719bd6df68bf453e727','Rua Gil','12','Jardim Matarazzo','São Paulo','SP','03813-230','','2024-05-01 01:14:38.559232','2024-05-01 01:14:40.215413');
INSERT INTO app_endereco VALUES(12,'a416388629b04c57a1b43b8a0f2b2e31','','','','','','','','2024-05-01 13:50:54.190071','2024-05-01 13:50:54.192054');
INSERT INTO app_endereco VALUES(13,'268839fda3bf40d9acaa6da025bd8ee2','','','','','','','','2024-05-01 13:52:22.164608','2024-05-01 13:52:22.165427');
CREATE TABLE IF NOT EXISTS "app_galao" ("id_galao" integer NOT NULL PRIMARY KEY AUTOINCREMENT, "data_validade" varchar(50) NULL, "data_fabricacao" varchar(50) NULL, "descricao" text NULL, "quantidade" integer NOT NULL, "titulo" varchar(100) NULL, "insert" datetime NOT NULL, "loja_id" integer NULL REFERENCES "app_loja" ("id_loja") DEFERRABLE INITIALLY DEFERRED, "update" datetime NOT NULL);
INSERT INTO app_galao VALUES(1,'','',NULL,-1,'Galão 20 Litros','2024-05-01 03:01:07.483627',7,'2024-05-01 03:01:07.679618');
CREATE TABLE IF NOT EXISTS "app_gestaogalao" ("id_gestao_galao" integer NOT NULL PRIMARY KEY AUTOINCREMENT, "insert" datetime NOT NULL, "descricao" text NULL, "galao_entrando_id" integer NULL REFERENCES "app_galao" ("id_galao") DEFERRABLE INITIALLY DEFERRED, "galao_saiu_id" integer NULL REFERENCES "app_galao" ("id_galao") DEFERRABLE INITIALLY DEFERRED, "venda_id" char(32) NULL REFERENCES "app_venda" ("id_venda") DEFERRABLE INITIALLY DEFERRED, "update" datetime NOT NULL);
INSERT INTO app_gestaogalao VALUES(1,'2024-05-01 03:01:07.757313','',1,1,'6987a72f38ce460c9cbf51596cdd6d88','2024-05-01 03:01:07.759046');
CREATE TABLE IF NOT EXISTS "app_historico" ("id_historico" char(32) NOT NULL PRIMARY KEY, "descricao" text NULL, "insert" datetime NOT NULL, "usuario" char(32) NOT NULL, "update" datetime NOT NULL);
CREATE TABLE IF NOT EXISTS "app_itemcompra" ("id_item_compra" char(32) NOT NULL PRIMARY KEY, "quantidade" integer NOT NULL, "insert" datetime NOT NULL, "produto_id" char(32) NULL REFERENCES "app_produto" ("id_produto") DEFERRABLE INITIALLY DEFERRED, "venda_id" char(32) NULL REFERENCES "app_venda" ("id_venda") DEFERRABLE INITIALLY DEFERRED, "update" datetime NOT NULL);
INSERT INTO app_itemcompra VALUES('0e25486f3c7342449ab46366506c9e8e',1,'2024-05-01 03:01:07.109368','942b199a323e4694aae0f53466b4091b','6987a72f38ce460c9cbf51596cdd6d88','2024-05-01 03:01:07.110832');
INSERT INTO app_itemcompra VALUES('f68e5dffc2c94c7a8cf6e0915c373f1f',1,'2024-05-01 03:01:07.313612','af9bdbff32464e8eb54e9723cc49826b','6987a72f38ce460c9cbf51596cdd6d88','2024-05-01 03:01:07.314857');
CREATE TABLE IF NOT EXISTS "app_log" ("id_log" char(32) NOT NULL PRIMARY KEY, "tipo" varchar(50) NOT NULL, "origem" varchar(100) NOT NULL, "descricao" text NOT NULL, "insert" datetime NOT NULL, "ip_usuario" varchar(50) NULL, "usuario_id" integer NULL REFERENCES "app_usuario" ("id_usuario") DEFERRABLE INITIALLY DEFERRED, "update" datetime NOT NULL);
CREATE TABLE IF NOT EXISTS "app_loja" ("id_loja" integer NOT NULL PRIMARY KEY AUTOINCREMENT, "nome_loja" varchar(255) NOT NULL, "numero_telefone" varchar(50) NULL, "horario_operacao_inicio" time NULL, "horario_operacao_fim" time NULL, "segunda" bool NOT NULL, "terca" bool NOT NULL, "quarta" bool NOT NULL, "quinta" bool NOT NULL, "sexta" bool NOT NULL, "sabado" bool NOT NULL, "domingo" bool NOT NULL, "insert" datetime NOT NULL, "empresa_id" integer NOT NULL REFERENCES "app_empresa" ("id_empresa") DEFERRABLE INITIALLY DEFERRED, "endereco_id" integer NULL REFERENCES "app_endereco" ("id_endereco") DEFERRABLE INITIALLY DEFERRED, "update" datetime NOT NULL);
INSERT INTO app_loja VALUES(7,'barra mansa','+55 (11) 2952-5568','09:00:00','18:00:00',1,1,1,1,1,1,0,'2024-04-27 12:48:55.856278',1,7,'2024-04-27 12:48:55.856311');
INSERT INTO app_loja VALUES(11,'loja 2','+55 (11) 9714-86656','00:00:00','00:00:00',0,0,0,0,0,0,0,'2024-05-01 01:14:38.558317',1,11,'2024-05-01 01:14:42.883015');
CREATE TABLE IF NOT EXISTS "app_sessao" ("id_sessao" integer NOT NULL PRIMARY KEY AUTOINCREMENT, "id" char(32) NOT NULL, "ip_sessao" varchar(100) NOT NULL, "descricao" varchar(200) NULL, "pagina_atual" varchar(200) NULL, "time_iniciou" datetime NULL, "status" bool NOT NULL, "insert" datetime NOT NULL, "cidade" varchar(100) NULL, "regiao" varchar(100) NULL, "pais" varchar(100) NULL, "codigo_postal" varchar(20) NULL, "organizacao" varchar(200) NULL, "usuario_id" integer NULL REFERENCES "app_usuario" ("id_usuario") DEFERRABLE INITIALLY DEFERRED, "update" datetime NOT NULL);
INSERT INTO app_sessao VALUES(1,'b67c6f029dfc4c77b27a12fd356e45e7','127.0.0.1','Mozilla/5.0 (X11; Linux x86_64) AppleWebKit/537.36 (KHTML, like Gecko) Chrome/124.0.0.0 Safari/537.36','/listar_motoboys_por_empresa/','2024-04-25 14:04:20.019805',1,'2024-04-25 14:04:20.019838',NULL,NULL,NULL,NULL,NULL,2,'2024-05-01 14:01:41.176327');
CREATE TABLE IF NOT EXISTS "app_usuario" ("id" char(32) NOT NULL, "id_usuario" integer NOT NULL PRIMARY KEY AUTOINCREMENT, "nome_completo" varchar(255) NOT NULL, "nome_usuario" varchar(50) NOT NULL, "senha" varchar(200) NOT NULL, "insert" datetime NOT NULL, "nivel_usuario" integer NOT NULL, "status_acesso" bool NOT NULL, "email" varchar(255) NOT NULL, "ultimo_login" datetime NULL, "empresa_id" integer NOT NULL REFERENCES "app_empresa" ("id_empresa") DEFERRABLE INITIALLY DEFERRED, "update" datetime NOT NULL);
INSERT INTO app_usuario VALUES('d2667e11a2b2454eb43212279334d9ca',1,'samuel medeiros ','samuel medeiros 5054','pbkdf2_sha256$720000$a3JuSeOuHR8AQr5kS3vopz$gU2VMw0yAEoZwvYh4WxIee/hb15yjRUeW7r4tQySeWU=','2024-04-25 16:40:44.730245',1,1,'medeiros0441@gmail.com','2024-04-29 15:10:59.272841',1,'2024-04-27 23:12:00.799626');
INSERT INTO app_usuario VALUES('ad1ce8a69a6449429243f25cbe6603bb',2,'samuel use2','samueluse2','pbkdf2_sha256$720000$Y7yfXk7qCgJfUpLUX3VBrP$S++3qVVZ/ptRsZtiHtb3jQC931xUge9JMS+o+QRWv+8=','2024-04-27 13:25:32.471927',2,1,'medeiros0442@gmail.com','2024-05-01 13:20:36.908563',1,'2024-05-01 13:20:36.909110');
INSERT INTO app_usuario VALUES('7a99d4d81deb42a89b86befea6974649',5,'user 3','user3','pbkdf2_sha256$720000$CkPP2VgJgZhcqrSBE333AQ$C/kl/7vGmrNU7wXTX9PL3iZMNMKNckYrW8WhfdsVVDQ=','2024-04-27 16:04:12.129439',3,1,'medeiros0441@hotmail.com',NULL,1,'2024-04-30 18:44:56.943389');
CREATE TABLE IF NOT EXISTS "app_venda" ("id_venda" char(32) NOT NULL PRIMARY KEY, "data_venda" date NOT NULL, "forma_pagamento" varchar(50) NOT NULL, "estado_transacao" varchar(20) NULL, "metodo_entrega" varchar(50) NULL, "desconto" varchar(50) NULL, "valor_total" decimal NOT NULL, "valor_entrega" varchar(50) NULL, "valor_pago" decimal NULL, "troco" decimal NULL, "insert" datetime NOT NULL, "descricao" text NULL, "nota_fiscal" decimal NULL, "cliente_id" char(32) NULL REFERENCES "app_cliente" ("id_cliente") DEFERRABLE INITIALLY DEFERRED, "loja_id" integer NOT NULL REFERENCES "app_loja" ("id_loja") DEFERRABLE INITIALLY DEFERRED, "usuario_id" integer NOT NULL REFERENCES "app_usuario" ("id_usuario") DEFERRABLE INITIALLY DEFERRED, "update" datetime NOT NULL);
INSERT INTO app_venda VALUES('6987a72f38ce460c9cbf51596cdd6d88','2024-05-01','dinheiro','processando','entrega_no_local','0',52,'10,00',52,0,'2024-05-01 03:01:06.485309','',NULL,NULL,7,2,'2024-05-01 03:01:06.486807');
CREATE TABLE IF NOT EXISTS "app_produto" ("id_produto" char(32) NOT NULL PRIMARY KEY, "nome" varchar(255) NOT NULL, "quantidade_atual_estoque" integer NULL, "quantidade_minima_estoque" integer NULL, "is_retornavel" bool NULL, "data_validade" varchar(50) NULL, "insert" datetime NOT NULL, "update" datetime NOT NULL, "preco_compra" decimal NULL, "preco_venda" decimal NULL, "fabricante" varchar(100) NULL, "descricao" text NULL, "loja_id" integer NOT NULL REFERENCES "app_loja" ("id_loja") DEFERRABLE INITIALLY DEFERRED, "codigo" integer unsigned NOT NULL UNIQUE CHECK ("codigo" >= 0));
INSERT INTO app_produto VALUES('942b199a323e4694aae0f53466b4091b','Lindoia 20L',524,1,0,'','2024-04-30 20:50:28.569842','2024-05-01 03:01:07.202830',6,14,'Bioleve','',7,4);
INSERT INTO app_produto VALUES('23fee9ea2334448abe53ab5682f0544c','lindoia 20 L (descartavel)',10,5,1,'2151-02-28','2024-05-01 02:33:08.981047','2024-05-01 02:33:08.989249',6,14,'lindoia fonte','test ',11,5);
INSERT INTO app_produto VALUES('af9bdbff32464e8eb54e9723cc49826b','Ibira 20 litros',29,10,1,'','2024-05-01 02:53:38.566172','2024-05-01 03:01:07.391466',13,28,'Ibira font','',7,6);
DELETE FROM sqlite_sequence;
INSERT INTO sqlite_sequence VALUES('django_migrations',24);
INSERT INTO sqlite_sequence VALUES('django_admin_log',0);
INSERT INTO sqlite_sequence VALUES('django_content_type',25);
INSERT INTO sqlite_sequence VALUES('auth_permission',100);
INSERT INTO sqlite_sequence VALUES('auth_group',0);
INSERT INTO sqlite_sequence VALUES('auth_user',0);
INSERT INTO sqlite_sequence VALUES('app_empresa',1);
INSERT INTO sqlite_sequence VALUES('app_endereco',13);
INSERT INTO sqlite_sequence VALUES('app_galao',1);
INSERT INTO sqlite_sequence VALUES('app_gestaogalao',1);
INSERT INTO sqlite_sequence VALUES('app_loja',11);
INSERT INTO sqlite_sequence VALUES('app_sessao',1);
INSERT INTO sqlite_sequence VALUES('app_usuario',5);
INSERT INTO sqlite_sequence VALUES('app_transacao',2);
CREATE INDEX "app_caixa_loja_id_c57bd7a3" ON "app_caixa" ("loja_id");
CREATE INDEX "app_motoboy_empresa_id_07d90cef" ON "app_motoboy" ("empresa_id");
CREATE INDEX "app_transacao_caixa_id_e0994973" ON "app_transacao" ("caixa_id");
CREATE INDEX "app_transacao_venda_id_8cbc8a3d" ON "app_transacao" ("venda_id");
CREATE INDEX "app_entrega_motoboy_id_f31f1e95" ON "app_entrega" ("motoboy_id");
CREATE UNIQUE INDEX "auth_group_permissions_group_id_permission_id_0cd325b0_uniq" ON "auth_group_permissions" ("group_id", "permission_id");
CREATE INDEX "auth_group_permissions_group_id_b120cbf9" ON "auth_group_permissions" ("group_id");
CREATE INDEX "auth_group_permissions_permission_id_84c5c92e" ON "auth_group_permissions" ("permission_id");
CREATE UNIQUE INDEX "auth_user_groups_user_id_group_id_94350c0c_uniq" ON "auth_user_groups" ("user_id", "group_id");
CREATE INDEX "auth_user_groups_user_id_6a12ed8b" ON "auth_user_groups" ("user_id");
CREATE INDEX "auth_user_groups_group_id_97559544" ON "auth_user_groups" ("group_id");
CREATE UNIQUE INDEX "auth_user_user_permissions_user_id_permission_id_14a6b632_uniq" ON "auth_user_user_permissions" ("user_id", "permission_id");
CREATE INDEX "auth_user_user_permissions_user_id_a95ead1b" ON "auth_user_user_permissions" ("user_id");
CREATE INDEX "auth_user_user_permissions_permission_id_1fbb5f2c" ON "auth_user_user_permissions" ("permission_id");
CREATE INDEX "django_admin_log_content_type_id_c4bce8eb" ON "django_admin_log" ("content_type_id");
CREATE INDEX "django_admin_log_user_id_c564eba6" ON "django_admin_log" ("user_id");
CREATE UNIQUE INDEX "django_content_type_app_label_model_76bd3d3b_uniq" ON "django_content_type" ("app_label", "model");
CREATE UNIQUE INDEX "auth_permission_content_type_id_codename_01ab375a_uniq" ON "auth_permission" ("content_type_id", "codename");
CREATE INDEX "auth_permission_content_type_id_2f476e4b" ON "auth_permission" ("content_type_id");
CREATE INDEX "django_session_expire_date_a5c62663" ON "django_session" ("expire_date");
CREATE INDEX "app_associado_loja_id_7497ca7f" ON "app_associado" ("loja_id");
CREATE INDEX "app_associado_usuario_id_0429e0fa" ON "app_associado" ("usuario_id");
CREATE INDEX "app_cliente_empresa_id_8060acfc" ON "app_cliente" ("empresa_id");
CREATE INDEX "app_cliente_endereco_id_cc5d55df" ON "app_cliente" ("endereco_id");
CREATE INDEX "app_configuracao_usuario_id_3a9d919f" ON "app_configuracao" ("usuario_id");
CREATE INDEX "app_galao_loja_id_755f95fa" ON "app_galao" ("loja_id");
CREATE INDEX "app_gestaogalao_galao_entrando_id_bd000700" ON "app_gestaogalao" ("galao_entrando_id");
CREATE INDEX "app_gestaogalao_galao_saiu_id_de471bc2" ON "app_gestaogalao" ("galao_saiu_id");
CREATE INDEX "app_gestaogalao_venda_id_b621c878" ON "app_gestaogalao" ("venda_id");
CREATE INDEX "app_itemcompra_produto_id_ce3ebec3" ON "app_itemcompra" ("produto_id");
CREATE INDEX "app_itemcompra_venda_id_dd9191f3" ON "app_itemcompra" ("venda_id");
CREATE INDEX "app_log_usuario_id_decc6a5d" ON "app_log" ("usuario_id");
CREATE INDEX "app_loja_empresa_id_5f9218ab" ON "app_loja" ("empresa_id");
CREATE INDEX "app_loja_endereco_id_165287c9" ON "app_loja" ("endereco_id");
CREATE INDEX "app_sessao_usuario_id_a5658941" ON "app_sessao" ("usuario_id");
CREATE INDEX "app_usuario_empresa_id_46802567" ON "app_usuario" ("empresa_id");
CREATE INDEX "app_venda_cliente_id_86c7d012" ON "app_venda" ("cliente_id");
CREATE INDEX "app_venda_loja_id_b2dd0f7b" ON "app_venda" ("loja_id");
CREATE INDEX "app_venda_usuario_id_6c1177b0" ON "app_venda" ("usuario_id");
CREATE INDEX "app_produto_loja_id_5494703b" ON "app_produto" ("loja_id");
COMMIT;
